variant_id,product_id,variant_name,size,color,price,stock_quantity,sku
1,35,S-Red,S,Red,33.89,439,SKU1
2,116,XL-Blue,XL,Blue,198.24,98,SKU2
3,125,S-Blue,S,Blue,111.03,440,SKU3
4,197,S-Blue,S,Blue,70.25,460,SKU4
5,59,S-Red,S,Red,12.49,63,SKU5
6,167,S-Blue,S,Blue,173.19,266,SKU6
7,186,S-White,S,White,192.11,303,SKU7
8,142,M-Red,M,Red,61.56,162,SKU8
9,195,XL-Red,XL,Red,231.99,263,SKU9
10,143,S-White,S,White,159.19,420,SKU10
11,76,S-Red,S,Red,224.42,414,SKU11
12,129,XL-White,XL,White,79.33,350,SKU12
13,128,XL-Black,XL,Black,122.66,430,SKU13
14,104,XL-White,XL,White,94.95,409,SKU14
15,199,L-Black,L,Black,112.55,310,SKU15
16,28,M-Blue,M,Blue,95.78,425,SKU16
17,8,XL-Black,XL,Black,80.59,484,SKU17
18,158,XL-White,XL,White,46.31,166,SKU18
19,4,M-White,M,White,104.09,226,SKU19
20,148,L-Blue,L,Blue,227.89,387,SKU20
21,141,S-Blue,S,Blue,197.0,470,SKU21
22,190,M-White,M,White,109.39,78,SKU22
23,124,L-White,L,White,235.55,261,SKU23
24,125,L-Blue,L,Blue,89.79,325,SKU24
25,139,L-Blue,L,Blue,151.96,461,SKU25
26,59,M-White,M,White,215.95,458,SKU26
27,142,L-Black,L,Black,211.23,394,SKU27
28,19,S-Black,S,Black,115.98,436,SKU28
29,194,L-White,L,White,70.82,458,SKU29
30,160,M-Red,M,Red,76.12,135,SKU30
31,41,L-White,L,White,165.88,381,SKU31
32,183,L-Blue,L,Blue,177.14,304,SKU32
33,122,S-Black,S,Black,81.44,225,SKU33
34,108,M-Red,M,Red,31.65,423,SKU34
35,131,M-Blue,M,Blue,205.17,60,SKU35
36,58,S-Blue,S,Blue,40.88,418,SKU36
37,42,XL-Blue,XL,Blue,138.45,162,SKU37
38,162,XL-White,XL,White,133.35,65,SKU38
39,102,L-Blue,L,Blue,19.4,202,SKU39
40,33,M-Black,M,Black,80.06,489,SKU40
41,20,L-Red,L,Red,187.24,263,SKU41
42,145,L-White,L,White,7.08,499,SKU42
43,10,M-Blue,M,Blue,47.02,494,SKU43
44,200,S-Blue,S,Blue,54.1,100,SKU44
45,53,XL-White,XL,White,125.63,390,SKU45
46,100,L-Blue,L,Blue,9.21,363,SKU46
47,103,L-Black,L,Black,43.46,489,SKU47
48,84,M-Red,M,Red,110.16,186,SKU48
49,173,S-Blue,S,Blue,233.39,226,SKU49
50,176,XL-White,XL,White,21.0,70,SKU50
51,22,M-White,M,White,45.81,325,SKU51
52,55,L-Red,L,Red,152.05,480,SKU52
53,66,L-Red,L,Red,88.37,199,SKU53
54,61,XL-White,XL,White,147.09,444,SKU54
55,27,L-Black,L,Black,104.62,244,SKU55
56,38,M-Red,M,Red,33.1,350,SKU56
57,97,S-White,S,White,143.66,186,SKU57
58,94,L-Black,L,Black,117.15,191,SKU58
59,28,S-Red,S,Red,8.03,393,SKU59
60,4,S-Blue,S,Blue,33.2,454,SKU60
61,11,M-White,M,White,197.45,350,SKU61
62,108,M-Black,M,Black,115.47,398,SKU62
63,62,M-Black,M,Black,111.6,243,SKU63
64,139,L-Red,L,Red,179.34,211,SKU64
65,26,M-Red,M,Red,14.71,55,SKU65
66,76,L-Blue,L,Blue,100.86,254,SKU66
67,17,S-Red,S,Red,242.6,283,SKU67
68,29,L-White,L,White,197.36,448,SKU68
69,139,XL-Red,XL,Red,68.48,327,SKU69
70,54,L-White,L,White,65.36,91,SKU70
71,72,S-Blue,S,Blue,27.17,344,SKU71
72,165,L-White,L,White,100.67,207,SKU72
73,11,L-White,L,White,82.6,483,SKU73
74,149,L-White,L,White,86.91,328,SKU74
75,157,S-White,S,White,58.94,463,SKU75
76,63,XL-Black,XL,Black,70.68,494,SKU76
77,19,S-Black,S,Black,160.67,198,SKU77
78,193,L-Blue,L,Blue,119.86,489,SKU78
79,40,S-Red,S,Red,23.89,390,SKU79
80,45,M-White,M,White,246.3,470,SKU80
81,82,L-Black,L,Black,178.78,477,SKU81
82,155,L-White,L,White,223.97,122,SKU82
83,140,S-Red,S,Red,206.15,369,SKU83
84,173,M-White,M,White,78.24,325,SKU84
85,41,S-White,S,White,66.88,82,SKU85
86,175,XL-Blue,XL,Blue,139.57,327,SKU86
87,113,XL-Black,XL,Black,101.95,223,SKU87
88,44,L-Blue,L,Blue,10.98,380,SKU88
89,107,S-Black,S,Black,174.47,346,SKU89
90,36,M-White,M,White,68.48,474,SKU90
91,71,XL-Blue,XL,Blue,47.18,95,SKU91
92,60,XL-Black,XL,Black,48.51,212,SKU92
93,129,XL-White,XL,White,63.4,303,SKU93
94,176,XL-White,XL,White,179.65,222,SKU94
95,144,L-White,L,White,16.81,86,SKU95
96,196,L-White,L,White,130.35,455,SKU96
97,53,L-Red,L,Red,174.68,484,SKU97
98,142,L-White,L,White,176.81,427,SKU98
99,119,S-Black,S,Black,224.67,313,SKU99
100,147,XL-White,XL,White,43.17,268,SKU100
101,56,S-Blue,S,Blue,172.0,417,SKU101
102,164,L-Blue,L,Blue,131.19,134,SKU102
103,140,S-Black,S,Black,202.95,371,SKU103
104,26,L-Black,L,Black,240.06,121,SKU104
105,199,S-Blue,S,Blue,213.49,173,SKU105
106,98,XL-Blue,XL,Blue,45.36,216,SKU106
107,113,M-Blue,M,Blue,240.06,111,SKU107
108,111,XL-Black,XL,Black,166.82,192,SKU108
109,64,XL-Black,XL,Black,240.15,320,SKU109
110,113,S-Black,S,Black,158.74,360,SKU110
111,63,L-White,L,White,47.35,125,SKU111
112,139,M-Red,M,Red,81.23,437,SKU112
113,65,XL-White,XL,White,138.62,301,SKU113
114,108,S-White,S,White,144.78,246,SKU114
115,53,L-Black,L,Black,226.48,62,SKU115
116,31,S-Red,S,Red,241.41,439,SKU116
117,186,M-Black,M,Black,127.59,343,SKU117
118,80,XL-Red,XL,Red,190.86,215,SKU118
119,1,S-Blue,S,Blue,180.9,229,SKU119
120,79,XL-Red,XL,Red,196.86,399,SKU120
121,147,XL-Black,XL,Black,163.68,243,SKU121
122,98,M-Black,M,Black,248.73,375,SKU122
123,154,M-Blue,M,Blue,152.2,314,SKU123
124,105,L-White,L,White,115.1,392,SKU124
125,136,M-Red,M,Red,133.92,397,SKU125
126,100,XL-Blue,XL,Blue,87.32,368,SKU126
127,150,S-Blue,S,Blue,246.97,176,SKU127
128,164,L-Black,L,Black,104.71,372,SKU128
129,40,XL-Red,XL,Red,212.34,442,SKU129
130,19,S-Red,S,Red,228.6,458,SKU130
131,182,XL-Red,XL,Red,42.26,476,SKU131
132,67,XL-White,XL,White,119.44,73,SKU132
133,70,S-Blue,S,Blue,22.09,84,SKU133
134,169,XL-Black,XL,Black,45.21,413,SKU134
135,42,S-Blue,S,Blue,160.81,191,SKU135
136,155,L-White,L,White,134.38,171,SKU136
137,86,L-Black,L,Black,23.35,475,SKU137
138,134,L-Blue,L,Blue,130.32,427,SKU138
139,13,M-Red,M,Red,165.0,415,SKU139
140,143,L-Red,L,Red,154.37,168,SKU140
141,101,XL-White,XL,White,123.49,182,SKU141
142,157,L-White,L,White,68.4,362,SKU142
143,181,M-Black,M,Black,213.68,494,SKU143
144,160,XL-Red,XL,Red,232.36,439,SKU144
145,64,L-White,L,White,22.77,424,SKU145
146,43,XL-White,XL,White,153.53,184,SKU146
147,118,M-White,M,White,195.72,416,SKU147
148,113,L-Red,L,Red,189.09,173,SKU148
149,30,M-Red,M,Red,21.72,166,SKU149
150,102,L-Blue,L,Blue,232.51,145,SKU150
151,12,S-Black,S,Black,222.77,160,SKU151
152,175,S-Blue,S,Blue,177.46,467,SKU152
153,186,XL-Red,XL,Red,167.42,190,SKU153
154,31,M-Black,M,Black,59.41,169,SKU154
155,127,XL-Blue,XL,Blue,188.9,168,SKU155
156,61,L-Blue,L,Blue,139.02,249,SKU156
157,55,XL-Red,XL,Red,85.88,353,SKU157
158,29,M-Black,M,Black,16.32,458,SKU158
159,2,XL-Red,XL,Red,222.76,484,SKU159
160,149,L-White,L,White,102.98,500,SKU160
161,195,M-Black,M,Black,8.72,124,SKU161
162,171,S-Blue,S,Blue,67.27,90,SKU162
163,119,L-Black,L,Black,13.69,81,SKU163
164,135,M-Black,M,Black,233.68,449,SKU164
165,31,XL-Black,XL,Black,51.58,305,SKU165
166,164,M-Red,M,Red,173.26,482,SKU166
167,50,XL-Blue,XL,Blue,85.8,187,SKU167
168,67,M-White,M,White,19.75,453,SKU168
169,152,M-Red,M,Red,109.98,407,SKU169
170,144,S-Red,S,Red,139.0,325,SKU170
171,52,XL-Black,XL,Black,179.82,430,SKU171
172,157,S-Red,S,Red,48.51,99,SKU172
173,39,S-White,S,White,214.37,486,SKU173
174,12,S-Black,S,Black,228.53,312,SKU174
175,121,L-Black,L,Black,246.25,70,SKU175
176,33,S-Blue,S,Blue,167.74,252,SKU176
177,196,XL-Black,XL,Black,185.47,188,SKU177
178,24,L-Red,L,Red,26.02,67,SKU178
179,99,S-Red,S,Red,81.74,116,SKU179
180,67,XL-Black,XL,Black,214.69,205,SKU180
181,25,XL-White,XL,White,128.17,155,SKU181
182,85,L-Blue,L,Blue,239.29,349,SKU182
183,124,S-White,S,White,164.88,279,SKU183
184,135,S-Red,S,Red,187.08,152,SKU184
185,95,XL-Red,XL,Red,28.86,226,SKU185
186,33,S-Black,S,Black,78.62,459,SKU186
187,167,L-Blue,L,Blue,78.09,230,SKU187
188,70,L-Black,L,Black,133.9,126,SKU188
189,82,L-Red,L,Red,145.41,281,SKU189
190,72,XL-Blue,XL,Blue,228.66,429,SKU190
191,98,S-Black,S,Black,37.97,318,SKU191
192,126,L-White,L,White,177.21,432,SKU192
193,87,L-Red,L,Red,103.63,287,SKU193
194,154,L-White,L,White,12.12,178,SKU194
195,176,M-White,M,White,227.17,144,SKU195
196,197,XL-Black,XL,Black,203.87,329,SKU196
197,175,L-Black,L,Black,55.06,84,SKU197
198,162,S-Black,S,Black,199.58,161,SKU198
199,165,M-Blue,M,Blue,10.35,238,SKU199
200,125,L-White,L,White,223.36,356,SKU200
201,127,M-Blue,M,Blue,115.79,237,SKU201
202,140,M-Blue,M,Blue,182.83,466,SKU202
203,66,XL-White,XL,White,7.03,322,SKU203
204,198,XL-Blue,XL,Blue,23.72,365,SKU204
205,131,XL-Black,XL,Black,91.2,284,SKU205
206,2,M-Red,M,Red,175.52,378,SKU206
207,2,S-Red,S,Red,130.56,432,SKU207
208,81,L-Blue,L,Blue,137.8,469,SKU208
209,133,XL-Red,XL,Red,115.87,117,SKU209
210,130,XL-White,XL,White,139.75,133,SKU210
211,65,S-Blue,S,Blue,185.35,339,SKU211
212,10,L-Blue,L,Blue,103.52,387,SKU212
213,193,S-Black,S,Black,231.67,483,SKU213
214,2,XL-Red,XL,Red,118.77,457,SKU214
215,96,XL-Red,XL,Red,100.17,461,SKU215
216,30,XL-Red,XL,Red,40.45,125,SKU216
217,5,M-Red,M,Red,95.1,115,SKU217
218,151,L-Blue,L,Blue,68.19,313,SKU218
219,74,XL-Red,XL,Red,111.21,447,SKU219
220,125,M-Blue,M,Blue,237.59,255,SKU220
221,184,XL-Black,XL,Black,20.79,155,SKU221
222,39,M-Black,M,Black,30.3,129,SKU222
223,123,S-Blue,S,Blue,164.17,145,SKU223
224,1,S-Blue,S,Blue,154.91,76,SKU224
225,141,M-Blue,M,Blue,89.94,383,SKU225
226,27,XL-Black,XL,Black,248.81,400,SKU226
227,72,M-Blue,M,Blue,202.25,410,SKU227
228,13,M-Black,M,Black,217.27,113,SKU228
229,172,XL-Red,XL,Red,172.08,304,SKU229
230,101,S-Blue,S,Blue,30.93,247,SKU230
231,158,M-White,M,White,132.58,263,SKU231
232,191,L-Blue,L,Blue,160.25,464,SKU232
233,140,M-Red,M,Red,215.96,102,SKU233
234,3,L-Red,L,Red,18.83,370,SKU234
235,113,L-Black,L,Black,61.0,190,SKU235
236,70,M-Blue,M,Blue,41.34,181,SKU236
237,50,XL-Black,XL,Black,135.53,361,SKU237
238,131,M-Blue,M,Blue,71.19,295,SKU238
239,179,L-Red,L,Red,125.37,305,SKU239
240,95,XL-White,XL,White,87.91,360,SKU240
241,195,M-Blue,M,Blue,136.02,79,SKU241
242,130,L-White,L,White,163.04,465,SKU242
243,55,L-Blue,L,Blue,122.7,110,SKU243
244,33,M-Red,M,Red,60.13,375,SKU244
245,138,S-White,S,White,172.77,165,SKU245
246,145,M-Red,M,Red,108.45,52,SKU246
247,199,S-Red,S,Red,206.44,162,SKU247
248,22,M-Red,M,Red,171.77,490,SKU248
249,88,L-Blue,L,Blue,10.67,218,SKU249
250,89,M-Black,M,Black,66.45,444,SKU250
251,37,S-Red,S,Red,23.96,421,SKU251
252,27,L-Red,L,Red,65.99,321,SKU252
253,13,L-Black,L,Black,24.19,254,SKU253
254,96,M-Black,M,Black,171.51,190,SKU254
255,3,L-Black,L,Black,91.33,461,SKU255
256,165,M-Red,M,Red,104.26,397,SKU256
257,148,XL-Blue,XL,Blue,136.26,251,SKU257
258,78,M-Red,M,Red,139.54,77,SKU258
259,154,S-White,S,White,63.94,272,SKU259
260,71,S-Red,S,Red,137.01,321,SKU260
261,68,XL-White,XL,White,103.81,103,SKU261
262,191,L-Black,L,Black,165.33,328,SKU262
263,93,S-Red,S,Red,114.14,117,SKU263
264,40,S-White,S,White,170.77,473,SKU264
265,56,XL-Red,XL,Red,94.45,199,SKU265
266,41,M-Blue,M,Blue,209.12,257,SKU266
267,31,M-Red,M,Red,77.35,401,SKU267
268,164,S-Black,S,Black,230.32,379,SKU268
269,34,XL-Black,XL,Black,117.58,448,SKU269
270,111,XL-Red,XL,Red,233.71,259,SKU270
271,104,XL-Black,XL,Black,29.3,448,SKU271
272,10,S-Black,S,Black,208.78,350,SKU272
273,36,L-Red,L,Red,196.82,340,SKU273
274,168,L-Blue,L,Blue,205.83,175,SKU274
275,160,M-Black,M,Black,142.78,233,SKU275
276,41,S-Black,S,Black,229.5,210,SKU276
277,109,L-Red,L,Red,166.1,445,SKU277
278,15,XL-Blue,XL,Blue,97.19,200,SKU278
279,194,L-Blue,L,Blue,200.56,171,SKU279
280,163,M-Black,M,Black,88.67,108,SKU280
281,132,M-Blue,M,Blue,224.13,437,SKU281
282,182,S-Black,S,Black,122.66,157,SKU282
283,99,M-Blue,M,Blue,180.56,101,SKU283
284,64,L-Red,L,Red,165.87,451,SKU284
285,174,XL-Blue,XL,Blue,95.54,383,SKU285
286,198,M-Blue,M,Blue,112.95,327,SKU286
287,31,XL-Red,XL,Red,210.74,126,SKU287
288,4,XL-Blue,XL,Blue,31.7,63,SKU288
289,168,S-White,S,White,117.41,243,SKU289
290,171,L-White,L,White,42.8,318,SKU290
291,28,L-Black,L,Black,118.79,465,SKU291
292,163,M-Blue,M,Blue,247.95,328,SKU292
293,64,XL-White,XL,White,167.26,225,SKU293
294,170,M-Black,M,Black,194.88,335,SKU294
295,42,M-Blue,M,Blue,148.41,312,SKU295
296,56,XL-White,XL,White,199.63,314,SKU296
297,186,M-Black,M,Black,65.74,449,SKU297
298,120,S-Black,S,Black,99.81,336,SKU298
299,25,XL-Black,XL,Black,244.63,172,SKU299
300,200,S-Black,S,Black,239.04,209,SKU300
301,120,L-Blue,L,Blue,45.84,118,SKU301
302,144,L-Blue,L,Blue,248.06,461,SKU302
303,107,M-Blue,M,Blue,176.14,463,SKU303
304,52,XL-Red,XL,Red,93.2,127,SKU304
305,67,L-White,L,White,196.24,368,SKU305
306,22,L-Red,L,Red,232.45,182,SKU306
307,66,L-Red,L,Red,99.14,339,SKU307
308,120,S-White,S,White,238.69,179,SKU308
309,58,M-Black,M,Black,201.42,325,SKU309
310,159,M-Blue,M,Blue,180.45,172,SKU310
311,148,M-Blue,M,Blue,100.87,150,SKU311
312,22,S-White,S,White,197.62,79,SKU312
313,8,XL-Blue,XL,Blue,107.23,120,SKU313
314,152,M-Black,M,Black,232.23,485,SKU314
315,98,M-Red,M,Red,54.59,418,SKU315
316,102,L-White,L,White,60.15,413,SKU316
317,37,L-Blue,L,Blue,136.16,95,SKU317
318,132,L-White,L,White,177.82,61,SKU318
319,75,S-Red,S,Red,189.91,180,SKU319
320,159,S-Black,S,Black,208.0,211,SKU320
321,41,M-Black,M,Black,32.57,272,SKU321
322,163,M-White,M,White,128.54,253,SKU322
323,32,M-Blue,M,Blue,166.91,314,SKU323
324,35,L-Black,L,Black,180.84,464,SKU324
325,52,XL-Blue,XL,Blue,138.52,168,SKU325
326,69,S-White,S,White,169.54,333,SKU326
327,129,M-Blue,M,Blue,242.1,443,SKU327
328,170,XL-Blue,XL,Blue,71.64,100,SKU328
329,172,M-White,M,White,142.08,282,SKU329
330,193,S-Blue,S,Blue,57.51,471,SKU330
331,187,L-White,L,White,28.04,397,SKU331
332,192,S-Blue,S,Blue,209.27,146,SKU332
333,45,M-Blue,M,Blue,132.85,150,SKU333
334,60,L-Black,L,Black,88.55,76,SKU334
335,118,S-White,S,White,223.36,487,SKU335
336,74,XL-Black,XL,Black,147.91,83,SKU336
337,145,XL-Black,XL,Black,248.3,457,SKU337
338,132,L-Blue,L,Blue,70.64,230,SKU338
339,121,S-Blue,S,Blue,9.27,205,SKU339
340,151,L-White,L,White,151.05,334,SKU340
341,72,S-Red,S,Red,106.71,316,SKU341
342,7,S-Black,S,Black,145.58,57,SKU342
343,26,L-Red,L,Red,233.56,434,SKU343
344,142,S-Red,S,Red,147.77,298,SKU344
345,163,S-Blue,S,Blue,86.95,464,SKU345
346,140,S-White,S,White,227.91,234,SKU346
347,55,M-White,M,White,149.45,256,SKU347
348,82,XL-Red,XL,Red,248.93,486,SKU348
349,67,L-Black,L,Black,179.18,442,SKU349
350,162,M-Red,M,Red,189.88,253,SKU350
351,141,L-Black,L,Black,23.35,137,SKU351
352,69,XL-Black,XL,Black,35.94,332,SKU352
353,186,L-White,L,White,56.59,191,SKU353
354,185,XL-Black,XL,Black,185.7,204,SKU354
355,53,S-Red,S,Red,88.22,201,SKU355
356,133,M-Black,M,Black,113.34,236,SKU356
357,192,S-Black,S,Black,247.37,263,SKU357
358,192,M-Black,M,Black,178.19,409,SKU358
359,170,XL-White,XL,White,243.4,151,SKU359
360,60,S-White,S,White,243.58,309,SKU360
361,32,L-Blue,L,Blue,53.09,78,SKU361
362,93,XL-Red,XL,Red,232.13,364,SKU362
363,186,L-White,L,White,231.78,375,SKU363
364,3,S-Blue,S,Blue,12.9,179,SKU364
365,142,S-Black,S,Black,61.37,93,SKU365
366,135,M-Black,M,Black,236.73,152,SKU366
367,54,XL-Red,XL,Red,64.54,309,SKU367
368,96,L-Blue,L,Blue,236.39,87,SKU368
369,50,M-White,M,White,172.68,202,SKU369
370,149,XL-Blue,XL,Blue,94.05,299,SKU370
371,6,S-Blue,S,Blue,207.69,348,SKU371
372,88,L-Black,L,Black,163.5,149,SKU372
373,180,XL-Blue,XL,Blue,151.99,428,SKU373
374,148,XL-Blue,XL,Blue,45.52,187,SKU374
375,173,L-Blue,L,Blue,153.81,182,SKU375
376,66,L-Black,L,Black,153.13,73,SKU376
377,118,XL-Red,XL,Red,61.88,277,SKU377
378,54,XL-Red,XL,Red,175.59,370,SKU378
379,38,XL-Blue,XL,Blue,18.29,106,SKU379
380,92,S-Red,S,Red,189.1,429,SKU380
381,14,L-Blue,L,Blue,8.67,223,SKU381
382,80,S-White,S,White,180.56,218,SKU382
383,31,S-White,S,White,196.36,200,SKU383
384,105,L-White,L,White,11.67,379,SKU384
385,180,M-Red,M,Red,79.12,243,SKU385
386,108,XL-Black,XL,Black,235.37,258,SKU386
387,60,S-White,S,White,159.29,174,SKU387
388,183,XL-Blue,XL,Blue,56.49,127,SKU388
389,185,L-Red,L,Red,5.36,410,SKU389
390,176,L-Blue,L,Blue,126.99,395,SKU390
391,38,S-Red,S,Red,112.06,225,SKU391
392,132,XL-Red,XL,Red,235.07,107,SKU392
393,150,L-Red,L,Red,110.24,481,SKU393
394,80,S-Blue,S,Blue,33.17,162,SKU394
395,156,L-Blue,L,Blue,96.32,168,SKU395
396,14,S-White,S,White,36.78,74,SKU396
397,18,M-Black,M,Black,169.75,266,SKU397
398,188,S-Black,S,Black,18.48,67,SKU398
399,138,L-Red,L,Red,197.36,363,SKU399
400,3,M-Blue,M,Blue,54.03,201,SKU400
401,149,L-White,L,White,49.76,250,SKU401
402,16,M-Blue,M,Blue,13.66,217,SKU402
403,105,S-Black,S,Black,142.82,308,SKU403
404,164,S-White,S,White,58.5,140,SKU404
405,78,S-Black,S,Black,199.74,499,SKU405
406,186,M-Black,M,Black,209.08,126,SKU406
407,60,S-Red,S,Red,240.64,79,SKU407
408,151,S-Blue,S,Blue,54.06,166,SKU408
409,171,M-Black,M,Black,19.08,77,SKU409
410,192,S-Black,S,Black,238.4,465,SKU410
411,191,M-Red,M,Red,179.94,319,SKU411
412,109,M-Black,M,Black,182.36,441,SKU412
413,50,L-Red,L,Red,92.52,441,SKU413
414,169,XL-Blue,XL,Blue,26.9,175,SKU414
415,126,L-White,L,White,153.21,108,SKU415
416,62,S-Blue,S,Blue,221.94,322,SKU416
417,78,L-Red,L,Red,105.27,236,SKU417
418,91,L-Blue,L,Blue,239.74,311,SKU418
419,5,L-White,L,White,79.09,204,SKU419
420,146,M-White,M,White,45.9,380,SKU420
421,161,M-White,M,White,44.47,466,SKU421
422,157,L-White,L,White,92.21,211,SKU422
423,44,L-Blue,L,Blue,80.89,269,SKU423
424,40,L-Blue,L,Blue,229.51,482,SKU424
425,40,L-Black,L,Black,172.85,295,SKU425
426,137,S-Black,S,Black,182.91,148,SKU426
427,167,L-Red,L,Red,129.4,495,SKU427
428,91,L-Red,L,Red,165.28,144,SKU428
429,97,S-Red,S,Red,221.89,414,SKU429
430,54,S-White,S,White,210.25,205,SKU430
431,84,XL-White,XL,White,93.14,75,SKU431
432,60,L-Black,L,Black,52.86,119,SKU432
433,58,L-Red,L,Red,39.51,166,SKU433
434,20,L-Blue,L,Blue,216.37,274,SKU434
435,149,XL-White,XL,White,130.55,232,SKU435
436,51,XL-Black,XL,Black,72.85,167,SKU436
437,196,M-White,M,White,194.26,60,SKU437
438,42,XL-Red,XL,Red,50.07,451,SKU438
439,93,S-White,S,White,171.1,494,SKU439
440,55,S-Blue,S,Blue,162.74,150,SKU440
441,155,L-White,L,White,145.91,479,SKU441
442,172,S-White,S,White,82.44,295,SKU442
443,142,S-Black,S,Black,214.05,305,SKU443
444,144,L-White,L,White,124.61,311,SKU444
445,82,L-Red,L,Red,223.15,343,SKU445
446,23,XL-Red,XL,Red,106.81,86,SKU446
447,68,S-Red,S,Red,9.67,142,SKU447
448,84,M-Red,M,Red,69.31,468,SKU448
449,65,L-Blue,L,Blue,106.91,56,SKU449
450,76,M-Red,M,Red,16.91,270,SKU450
451,111,M-Red,M,Red,92.33,384,SKU451
452,185,XL-Red,XL,Red,154.1,395,SKU452
453,45,L-White,L,White,91.17,253,SKU453
454,92,M-Blue,M,Blue,245.66,126,SKU454
455,124,M-Black,M,Black,183.96,176,SKU455
456,21,S-Black,S,Black,132.24,291,SKU456
457,146,XL-Red,XL,Red,229.67,457,SKU457
458,44,XL-Blue,XL,Blue,8.24,332,SKU458
459,186,XL-White,XL,White,150.38,241,SKU459
460,14,L-Red,L,Red,112.26,402,SKU460
461,166,L-Black,L,Black,113.26,496,SKU461
462,92,M-White,M,White,37.99,476,SKU462
463,12,L-Red,L,Red,242.61,138,SKU463
464,146,XL-Blue,XL,Blue,7.05,169,SKU464
465,157,S-Blue,S,Blue,165.34,310,SKU465
466,54,XL-Blue,XL,Blue,35.22,184,SKU466
467,36,M-Red,M,Red,37.25,462,SKU467
468,190,L-White,L,White,140.82,268,SKU468
469,120,XL-Red,XL,Red,46.6,365,SKU469
470,130,L-White,L,White,74.22,129,SKU470
471,175,S-Red,S,Red,34.17,244,SKU471
472,183,M-Blue,M,Blue,115.1,323,SKU472
473,114,L-White,L,White,18.24,419,SKU473
474,28,S-Blue,S,Blue,38.64,253,SKU474
475,47,XL-Blue,XL,Blue,132.88,353,SKU475
476,10,M-Blue,M,Blue,124.63,198,SKU476
477,90,M-Red,M,Red,49.2,447,SKU477
478,8,S-Black,S,Black,243.97,331,SKU478
479,59,XL-Red,XL,Red,113.19,431,SKU479
480,27,XL-Black,XL,Black,188.06,192,SKU480
481,105,XL-Red,XL,Red,129.33,134,SKU481
482,103,XL-Blue,XL,Blue,128.85,213,SKU482
483,38,L-White,L,White,154.7,165,SKU483
484,56,XL-White,XL,White,30.33,102,SKU484
485,109,S-Blue,S,Blue,42.17,241,SKU485
486,144,L-Red,L,Red,102.52,248,SKU486
487,125,XL-Red,XL,Red,186.5,205,SKU487
488,165,XL-Red,XL,Red,213.06,198,SKU488
489,45,S-Blue,S,Blue,49.03,128,SKU489
490,118,S-Black,S,Black,136.35,211,SKU490
491,127,L-Red,L,Red,142.78,459,SKU491
492,119,L-Blue,L,Blue,174.3,471,SKU492
493,138,M-White,M,White,64.05,152,SKU493
494,153,M-Black,M,Black,196.25,367,SKU494
495,195,S-Red,S,Red,107.84,65,SKU495
496,89,L-Red,L,Red,152.06,388,SKU496
497,105,M-Red,M,Red,227.24,210,SKU497
498,102,XL-White,XL,White,7.05,383,SKU498
499,90,M-White,M,White,21.14,363,SKU499
500,82,XL-White,XL,White,179.13,200,SKU500
501,25,XL-Black,XL,Black,203.03,97,SKU501
502,105,M-Black,M,Black,135.74,425,SKU502
503,46,L-White,L,White,97.02,216,SKU503
504,139,L-White,L,White,52.52,134,SKU504
505,138,M-White,M,White,34.36,349,SKU505
506,134,M-Blue,M,Blue,37.78,220,SKU506
507,156,L-White,L,White,10.08,448,SKU507
508,45,M-White,M,White,174.79,353,SKU508
509,126,S-Black,S,Black,37.72,290,SKU509
510,145,M-White,M,White,93.33,120,SKU510
511,72,L-Black,L,Black,98.99,65,SKU511
512,136,XL-White,XL,White,181.18,155,SKU512
513,177,S-Red,S,Red,15.33,469,SKU513
514,133,M-Black,M,Black,200.33,466,SKU514
515,198,S-Blue,S,Blue,86.3,278,SKU515
516,184,XL-Red,XL,Red,39.97,240,SKU516
517,166,L-Blue,L,Blue,105.79,238,SKU517
518,141,M-White,M,White,21.0,171,SKU518
519,62,S-White,S,White,169.02,283,SKU519
520,158,XL-Black,XL,Black,18.28,467,SKU520
521,135,S-Black,S,Black,110.4,452,SKU521
522,72,XL-White,XL,White,215.65,405,SKU522
523,198,L-Blue,L,Blue,195.84,349,SKU523
524,192,S-Blue,S,Blue,36.66,317,SKU524
525,94,S-Red,S,Red,33.72,491,SKU525
526,63,S-Blue,S,Blue,237.96,462,SKU526
527,5,L-White,L,White,41.86,62,SKU527
528,121,S-Blue,S,Blue,21.45,457,SKU528
529,151,XL-Black,XL,Black,120.1,358,SKU529
530,129,S-White,S,White,136.98,395,SKU530
531,181,XL-Blue,XL,Blue,64.24,317,SKU531
532,98,XL-Red,XL,Red,112.28,84,SKU532
533,54,L-Black,L,Black,28.56,104,SKU533
534,51,S-Black,S,Black,5.88,271,SKU534
535,61,S-Red,S,Red,124.45,81,SKU535
536,147,XL-Red,XL,Red,101.05,70,SKU536
537,172,S-Red,S,Red,227.69,294,SKU537
538,113,M-Red,M,Red,227.76,495,SKU538
539,83,XL-Blue,XL,Blue,135.83,187,SKU539
540,132,M-Blue,M,Blue,116.61,349,SKU540
541,152,M-Red,M,Red,129.94,387,SKU541
542,102,XL-Blue,XL,Blue,121.96,372,SKU542
543,57,L-Black,L,Black,20.48,125,SKU543
544,127,S-Red,S,Red,68.5,479,SKU544
545,80,L-White,L,White,31.17,120,SKU545
546,117,S-Blue,S,Blue,120.07,341,SKU546
547,84,L-White,L,White,179.19,57,SKU547
548,138,M-Red,M,Red,157.52,83,SKU548
549,119,L-Black,L,Black,163.42,421,SKU549
550,129,S-Blue,S,Blue,32.45,400,SKU550
551,83,XL-Black,XL,Black,154.7,321,SKU551
552,88,S-White,S,White,46.56,365,SKU552
553,30,S-Black,S,Black,141.0,206,SKU553
554,193,M-White,M,White,135.66,166,SKU554
555,56,S-Red,S,Red,225.06,480,SKU555
556,145,XL-Red,XL,Red,155.56,196,SKU556
557,148,M-Black,M,Black,214.74,185,SKU557
558,15,S-Blue,S,Blue,154.68,194,SKU558
559,122,XL-Blue,XL,Blue,210.93,84,SKU559
560,48,M-Black,M,Black,233.09,471,SKU560
561,194,XL-Blue,XL,Blue,91.92,231,SKU561
562,131,M-White,M,White,198.35,167,SKU562
563,16,L-Black,L,Black,217.58,214,SKU563
564,56,M-Red,M,Red,42.97,410,SKU564
565,134,XL-Black,XL,Black,122.01,424,SKU565
566,157,S-Blue,S,Blue,81.49,447,SKU566
567,180,L-White,L,White,200.56,403,SKU567
568,163,XL-Black,XL,Black,197.94,245,SKU568
569,118,S-White,S,White,61.74,302,SKU569
570,166,S-Red,S,Red,176.81,273,SKU570
571,52,L-Black,L,Black,65.96,301,SKU571
572,148,S-White,S,White,126.63,411,SKU572
573,165,XL-Blue,XL,Blue,140.64,265,SKU573
574,194,S-Blue,S,Blue,236.61,122,SKU574
575,109,M-Black,M,Black,76.66,365,SKU575
576,111,S-White,S,White,151.56,295,SKU576
577,153,XL-Red,XL,Red,129.64,442,SKU577
578,28,L-White,L,White,142.5,325,SKU578
579,67,S-Black,S,Black,193.72,282,SKU579
580,68,S-Red,S,Red,39.05,93,SKU580
581,105,XL-Black,XL,Black,122.34,418,SKU581
582,34,XL-Blue,XL,Blue,201.39,445,SKU582
583,60,S-Blue,S,Blue,201.79,260,SKU583
584,154,S-White,S,White,169.83,282,SKU584
585,22,L-Black,L,Black,90.17,71,SKU585
586,18,S-Black,S,Black,148.25,231,SKU586
587,79,S-Blue,S,Blue,157.08,485,SKU587
588,84,M-Red,M,Red,219.78,177,SKU588
589,84,M-White,M,White,160.43,409,SKU589
590,56,L-Red,L,Red,208.71,215,SKU590
591,183,L-Black,L,Black,165.89,179,SKU591
592,169,M-White,M,White,243.21,490,SKU592
593,42,S-Red,S,Red,102.68,120,SKU593
594,43,S-Red,S,Red,99.59,411,SKU594
595,55,M-Black,M,Black,114.2,255,SKU595
596,29,L-White,L,White,181.75,198,SKU596
597,131,XL-Red,XL,Red,25.44,86,SKU597
598,60,S-Blue,S,Blue,180.11,334,SKU598
599,118,S-White,S,White,117.25,326,SKU599
600,29,M-Black,M,Black,64.63,159,SKU600
